"","hh_ID","freq_mean","pct_meat_mean","pct_fish_mean","pct_protein_mean","meat_calories_mean","fish_calories_mean","protein_calories_mean","calories_total_grams_mean","avg_calories_pp_mean","freq_sd","pct_meat_sd","pct_fish_sd","pct_protein_sd","meat_calories_sd","fish_calories_sd","protein_calories_sd","calories_total_grams_sd","avg_calories_pp_sd","freq_var","pct_meat_var","pct_fish_var","pct_protein_var","meat_calories_var","fish_calories_var","protein_calories_var","calories_total_grams_var","avg_calories_pp_var","numChildren","hh_members","sex","age","maritalStatus","literacy","education","attendingCollege","occupationType","canCarry20L","canWalk5Km","canStandOwn","pctCanCarry20L","pctCanWalk5Km","pctCanStandOwn"
"1",101012,2.75,0.125,0.125,0.25,93.125,30.6838890375,123.8088890375,489.2453425375,244.62267126875,1,0.258198889747161,0.197202659436654,0.268741924943285,254.46594402133,122.474486847959,271.398324681431,703.637661444022,351.818830722011,1,0.0666666666666667,0.0388888888888889,0.0722222222222222,64752.9166666667,14999.9999286708,73657.0506398875,495105.958602412,123776.489650603,0,2,"0",32,"2","4","2","0","trader","0","1","1",0,1,1
"2",102015,3,0.0769230769230769,0.153846153846154,0.230769230769231,89.7362637230769,164.206314538462,253.942578261539,702.454116723077,234.151372241026,0.912870929175277,0.146176336551172,0.191986911947076,0.180514459491394,323.548700122113,575.63289008097,635.69692963165,594.256591535819,198.08553051194,0.833333333333333,0.0213675213675214,0.0368589743589744,0.0325854700854701,104683.761350709,331353.22414297,404110.586343107,353140.896583769,39237.8773981966,1,3,"0",45,"2","4","2","0","farming","0","1","1",0,0.333333333333333,1
"3",102022,1.4,0,0.2,0.2,0,213.193352,213.193352,784.193352,261.397784,0.547722557505166,0,0.447213595499958,0.447213595499958,0,476.714827423041,476.714827423041,901.540565756738,300.513521918913,0.3,0,0.2,0.2,0,227257.02668498,227257.02668498,812775.391704979,90308.3768561088,0,3,"0",50,"2","4","2","0","trader","1","1","1",1,1,1
"4",102023,4.11111111111111,0.111111111111111,0.180555555555556,0.291666666666667,94.6240079333333,126.142055555556,220.766063488889,505.307730155556,168.435910051852,1.77268440949015,0.168997782208041,0.175471642551134,0.136608827793031,290.946696672646,341.303020148768,420.629731355871,452.467087333785,150.822362444595,3.14241001564945,0.0285602503912363,0.0307902973395931,0.0186619718309859,84649.9803047249,116487.751562671,176929.370900512,204726.465120319,22747.3850133688,0,3,"0",21,"1","4","4","1","prod","1","1","1",1,1,1
"5",102025,1.27586206896552,0.275862068965517,0.0689655172413793,0.344827586206897,354.137931034483,69.5589875862069,423.69691862069,1452.14266574483,484.047555248276,0.454858826147342,0.434786624526324,0.257880714777564,0.464901070041905,590.136287173076,260.099860850053,604.058183587512,1090.60606489187,363.535354963957,0.206896551724138,0.189039408866995,0.0665024630541872,0.216133004926108,348260.837438424,67651.9376142172,364886.289159045,1189421.58877893,132157.95430877,0,3,"0",24,"2","4","3","0","livestock","1","1","1",0.666666666666667,0.666666666666667,1
"6",103026,3.36363636363636,0.0909090909090909,0.0303030303030303,0.121212121212121,109.69696969697,33.5332660606061,143.230235757576,441.533949646303,73.5889916077172,1.38785314916109,0.155851765236306,0.0728219081254419,0.154631771795077,352.849869353852,192.633947628179,392.458872540339,743.370585863994,123.895097643999,1.92613636363636,0.0242897727272727,0.0053030303030303,0.0239109848484849,124503.03030303,37107.837778816,154023.966635634,552599.827927777,15349.995220216,0,6,"0",22,"1","4","3","1","self","1","1","1",1,1,1
"7",103032,4.04615384615385,0.2,0.246153846153846,0.446153846153846,217.320879113846,200.783425076923,418.104304190769,682.219688806154,136.443937761231,2.8800540860306,0.209165006633519,0.253974811995609,0.314449050130868,471.562680463861,432.203057910566,566.161114898892,533.271143710755,106.654228742151,8.29471153846154,0.04375,0.0645032051282051,0.0988782051282051,222371.361606261,186799.483267244,320538.408023556,284378.112714577,11375.1245085831,1,5,"0",28,"1","3","5","0","farming","1","1","1",0.4,0.8,1
"8",103035,3.04166666666667,0.104166666666667,0.145833333333333,0.25,117.268303560417,111.745263583333,229.01356714375,464.848636588021,77.4747727646701,1.00437638852402,0.168845408376493,0.193988605199812,0.206048878547973,393.207237080579,363.193698170935,509.938585792539,476.883235176935,79.4805391961558,1.00877192982456,0.0285087719298246,0.0376315789473684,0.0424561403508772,154611.931292543,131909.66239108,260037.361280095,227417.61999282,6317.15611091166,2,6,"0",18,"1","4","3","1","nonearning","1","1","1",0.666666666666667,1,0.833333333333333
"9",104037,2,0.5,0,0.5,654.5,0,654.5,1289.5,644.75,0,0,0,0,1119.18467347142,0,1119.18467347142,972.893108208708,486.446554104354,0,0,0,0,1252574.33333333,0,1252574.33333333,946521,236630.25,0,2,"0",28,"2","4","3","0","trader","1","1","1",1,1,1
"10",104041,2.5,0,0,0,0,0,0,317.083333325,105.694444441667,1,0,0,0,0,0,0,177.45304542509,59.1510151416965,1,0,0,0,0,0,0,31489.5833306389,3498.84259229321,1,3,"0",28,"2","4","2","0","trader","1","1","1",0.666666666666667,0.666666666666667,1
"11",105054,6,0.166666666666667,0.166666666666667,0.333333333333333,193.333333333333,173.27935,366.612683333333,427.001572221667,213.500786110833,0,0,0,0,473.568016938081,424.445990461136,569.227061097065,528.483291683546,264.241645841773,0,0,0,0,224266.666666667,180154.398818535,324019.447085202,279294.589588676,69823.6473971689,0,2,"0",45,"2","4","2","0","self","1","1","1",0.5,1,1
"12",106058,7.30769230769231,0.0512820512820513,0.179487179487179,0.230769230769231,58.4615384615385,121.834840589744,180.296379051282,384.892532897436,76.9785065794872,4.34168198157693,0.106470805334908,0.124034734589208,0.135475371371748,257.370697853039,329.33000393612,400.097171616041,426.549977412689,85.3099954825379,18.8502024291498,0.011336032388664,0.0153846153846154,0.0183535762483131,66239.6761133603,108458.251492565,160077.746735156,181944.883230766,7277.79532923064,2,5,"0",21,"1","4","3","1","nonearning","1","1","1",0.2,0.8,1
"13",106059,1,1,0,1,1.3,0,1.3,1.3,0.216666666666667,NA,NA,NA,NA,NA,NA,NA,NA,NA,NA,NA,NA,NA,NA,NA,NA,NA,NA,2,6,"0",30,"2","4","2","0","trader","1","1","1",0.166666666666667,0.333333333333333,1
"14",106062,2.27272727272727,0,0.0909090909090909,0.0909090909090909,0,100.599798181818,100.599798181818,739.517222418182,184.879305604545,1.42062726222673,0,0.301511344577764,0.301511344577764,0,333.651784554568,333.651784554568,915.885570221825,228.971392555456,2.01818181818182,0,0.0909090909090909,0.0909090909090909,0,111323.513336448,111323.513336448,838846.377740558,52427.8986087849,1,4,"0",19,"1","4","7","1","trader","1","1","0",0.75,1,0.25
"15",106063,5.02247191011236,0.0898876404494382,0.101123595505618,0.191011235955056,134.943820224719,109.553368202247,244.497188426966,1072.56951988764,268.14237997191,2.90367137544667,0.155914902843952,0.13156492407755,0.174982974997528,446.025691258377,410.363579069016,580.890776711239,805.997265618965,201.499316404741,8.43130745658836,0.024309456928839,0.0173093292475315,0.0306190415389854,198938.917262513,168398.267026333,337434.094468187,649631.592185249,40601.9745115781,2,4,"0",33,"2","3","3","0","trader","1","1","1",0.5,0.5,1
"16",106064,5.27272727272727,0.159090909090909,0.113636363636364,0.272727272727273,191.248376613636,107.297398136364,298.54577475,686.00316112041,137.200632224082,3.24737656354395,0.195952856621718,0.246748270836031,0.272403856934565,498.351905631737,387.968506970585,597.797242611874,695.655297361785,139.131059472357,10.5454545454545,0.0383975220182117,0.0608847091605712,0.0742038612728268,248354.621846784,150519.562400985,357361.54327436,483936.292747514,19357.4517099006,3,5,"0",46,"2","4","3","0","farming","1","1","1",0.4,0.4,0.8
"17",106066,2.33333333333333,0.166666666666667,0,0.166666666666667,326.666666666667,0,326.666666666667,836.666666666667,278.888888888889,0.816496580927726,0.408248290463863,0,0.408248290463863,800.166649309171,0,800.166649309171,717.148427221776,239.049475740592,0.666666666666667,0.166666666666667,0,0.166666666666667,640266.666666667,0,640266.666666667,514301.866666667,57144.6518518519,0,3,"0",25,"1","4","3","0","farming","1","1","1",0.333333333333333,1,1
"18",106067,2,0,0,0,0,0,0,250,35.7142857142857,0,0,0,0,0,0,0,0,0,0,0,0,0,0,0,0,0,0,2,7,"0",29,"2","1","2","0","farming","1","1","1",0.285714285714286,0.428571428571429,0.857142857142857
"19",107068,2.86842105263158,0.118421052631579,0.0131578947368421,0.131578947368421,139.924812028947,13.6799486842105,153.604760713158,1195.43528702895,298.858821757237,2.21715797219869,0.197794860948266,0.0452413928358864,0.216565428439817,425.030238842183,119.259027734592,437.028656669198,873.975572489135,218.493893122284,4.91578947368421,0.0391228070175439,0.00204678362573099,0.0469005847953216,180650.703930243,14222.7156962001,190994.046750084,763833.301307712,47739.581331732,1,4,"0",35,"2","4","6","0","salaried","0","1","1",0,0.5,0.75
"20",107069,5.15384615384615,0.0769230769230769,0.153846153846154,0.230769230769231,57.3076923076923,71.3340984615385,128.641790769231,261.776406153846,65.4441015384615,2.30384294336491,0.0741249316661101,0.280224269158902,0.241617716401594,206.625823093898,175.214509501994,254.041409781189,218.602135316415,54.6505338291038,5.30769230769231,0.00549450549450549,0.078525641025641,0.0583791208791209,42694.2307692308,30700.1243400244,64537.0378836142,47786.8935648962,2986.68084780601,2,4,"0",32,"2","4","7","0","farming","1","0","1",0.75,0.25,1
"21",107070,4.33333333333333,0,0,0,0,0,0,399.020833333333,199.510416666667,1.63299316185545,0,0,0,0,0,0,483.721048336918,241.860524168459,2.66666666666667,0,0,0,0,0,0,233986.052604167,58496.5131510417,0,2,"1",28,"2","4","2","0","nonearning","0","1","1",0.5,1,1
"22",107070,4.33333333333333,0,0,0,0,0,0,399.020833333333,199.510416666667,1.63299316185545,0,0,0,0,0,0,483.721048336918,241.860524168459,2.66666666666667,0,0,0,0,0,0,233986.052604167,58496.5131510417,0,2,"0",38,"2","4","2","0","trader","1","1","1",0.5,1,1
"23",107073,3,0,0.333333333333333,0.333333333333333,0,570.507296091515,570.507296091515,832.173962758182,277.391320919394,0,0,0,0,0,988.147622919246,988.147622919246,807.152916480173,269.050972160058,0,0,0,0,0,976435.724680956,976435.724680956,651495.830582449,72388.4256202722,1,3,"0",38,"2","4","3","0","farming","1","1","1",0.666666666666667,0.666666666666667,1
"24",107075,2.07692307692308,0.0512820512820513,0,0.0512820512820513,23.7619047589744,0,23.7619047589744,42.7655970666667,21.3827985333333,2.33265847190683,0.111078974852706,0,0.111078974852706,126.180740609934,0,126.180740609934,134.924258805493,67.4621294027467,5.4412955465587,0.0123385386543281,0,0.0123385386543281,15921.5793008713,0,15921.5793008713,18204.5556142118,4551.13890355294,0,2,"0",30,"2","4","2","0","trader","1","1","1",0.5,1,1
"25",107081,2.77777777777778,0.111111111111111,0.444444444444444,0.555555555555556,64.8095238,259.188728888889,323.998252688889,433.998252688889,216.999126344444,1.20185042515466,0.220479275922049,0.428984589207792,0.348608344389198,194.4285714,356.523458714208,356.533554212713,305.48380929118,152.74190464559,1.44444444444444,0.0486111111111111,0.184027777777778,0.121527777777778,37802.4693766449,127108.976613541,127116.17527955,93320.3577390499,23330.0894347625,0,2,"0",38,"2","4","2","0","trader","1","1","1",1,1,1
"26",107082,5.61333333333333,0.04,0.0266666666666667,0.0666666666666667,48.2952380933333,17.1574440533333,65.4526821466667,882.44025548,220.61006387,6.30077930257995,0.105906639150793,0.116566313111513,0.150471789404078,242.058443990603,118.113063560089,266.201700196298,902.88002918112,225.72000729528,39.6998198198198,0.0112162162162162,0.0135877053524112,0.0226417594064653,58592.2903071519,13950.6957835497,70863.3451874,815192.347094101,50949.5216933813,1,4,"0",50,"2","4","2","0","farming","1","1","1",1,1,1
"27",107083,3.77551020408163,0.122448979591837,0.0816326530612245,0.204081632653061,102.813411073469,53.0203106122449,155.833721685714,930.746782910204,232.686695727551,1.72319115454497,0.174720379132927,0.125565613748387,0.216146025428158,309.829723635651,188.738253598958,347.11245259718,857.225975419465,214.306493854866,2.96938775510204,0.0305272108843537,0.0157667233560091,0.04671910430839,95994.4576481436,35622.1283715844,120487.054748029,734836.372933854,45927.2733083659,0,4,"0",45,"2","4","2","0","farming","0","1","1",0,0.75,1
"28",107083,3.77551020408163,0.122448979591837,0.0816326530612245,0.204081632653061,102.813411073469,53.0203106122449,155.833721685714,930.746782910204,232.686695727551,1.72319115454497,0.174720379132927,0.125565613748387,0.216146025428158,309.829723635651,188.738253598958,347.11245259718,857.225975419465,214.306493854866,2.96938775510204,0.0305272108843537,0.0157667233560091,0.04671910430839,95994.4576481436,35622.1283715844,120487.054748029,734836.372933854,45927.2733083659,0,4,"0",60,"2","4","3","0","self","0","0","1",0,0.75,1
"29",108089,3.45614035087719,0.175438596491228,0.087719298245614,0.263157894736842,52.7067669122807,11.4387432982456,64.1455102105263,189.00831722807,31.5013862046784,1.31026408786545,0.242590705977303,0.128734928066398,0.296887572283585,182.952242107769,40.9588438814811,184.178769996247,186.353643099479,31.0589405165798,1.71679197994987,0.0588502506265664,0.0165726817042607,0.0881422305764411,33471.5228922599,1677.62689210754,33921.8193173305,34727.6802964478,964.65778601244,1,6,"0",28,"2","4","2","0","farming","1","1","1",0.666666666666667,0.666666666666667,0.833333333333333
"30",108094,1.68571428571429,0.0571428571428571,0.142857142857143,0.2,59.1428571428571,79.6525053085714,138.795362451429,335.758791022857,67.1517582045714,1.27812888449411,0.182765864823106,0.322477280810068,0.367823487079141,267.563861849965,235.014128534935,342.232664860343,303.903887032767,60.7807774065534,1.63361344537815,0.0334033613445378,0.103991596638655,0.135294117647059,71590.4201680672,55231.6406110352,117123.196897412,92357.5725536248,3694.30290214499,1,5,"0",55,"2","4","3","0","farming","1","1","1",0.8,1,1
"31",108096,3,0.0892857142857143,0.214285714285714,0.303571428571429,102.579081632143,144.410839571429,246.989921203571,670.267122203571,111.711187033929,1.75809814598307,0.248153352949515,0.281077087298714,0.318784216396259,398.475373073213,343.491779719303,496.591873889569,605.821553706869,100.970258951145,3.09090909090909,0.0615800865800866,0.079004329004329,0.101623376623377,158782.622945836,117986.602734734,246603.489213153,367019.754935805,10194.9931926612,3,6,"0",40,"5","2","1","0","farming","1","1","0",0.333333333333333,0.333333333333333,0.666666666666667
"32",109098,4.06172839506173,0.209876543209877,0.123456790123457,0.333333333333333,210.974426795062,74.7262586419753,285.700685437037,927.848644094272,309.282881364757,1.51469554173691,0.152081241373041,0.163379124391524,0.173733640089954,432.592452133396,223.822820955497,453.328118533009,737.295462341723,245.765154113907,2.29430258415766,0.0231287039775653,0.0266927382869412,0.0301833776989056,187136.229642784,50096.6551804764,205506.383052678,543604.598789694,60400.5109766327,1,3,"0",26,"2","4","2","0","farming","1","1","1",0.666666666666667,0.666666666666667,1
"33",109100,4.6875,0,0.21875,0.21875,0,224.21750375,224.21750375,422.59250375,105.6481259375,2.20611320740142,0,0.146876072405145,0.146876072405145,0,482.489140551413,482.489140551413,410.795097092065,102.698774273016,4.86693548387097,0,0.0215725806451613,0.0215725806451613,0,232795.770750041,232795.770750041,168752.611794879,10547.03823718,2,4,"0",30,"2","4","3","0","farming","0","1","1",0,0.25,1
"34",109101,3.58,0.18,0.06,0.24,273.034285712,91.6827016,364.716987312,864.4817650919,216.120441272975,1.79325334957378,0.243984875614493,0.141183072401262,0.279007379553154,661.156447069283,381.650261579801,729.529999578081,762.128961811373,190.532240452843,3.21575757575758,0.0595286195286195,0.0199326599326599,0.0778451178451178,437127.847501277,145656.92216393,532214.020284395,580840.554431682,36302.5346519801,0,4,"0",25,"1","4","3","1","nonearning","1","1","1",1,1,1
"35",109102,6.47058823529412,0.191176470588235,0.147058823529412,0.338235294117647,159.536974788235,83.4772741405882,243.014248928824,698.778726958234,232.926242319411,4.60522282422415,0.215693495730645,0.197654417351407,0.244240483139564,458.62605754148,380.737143013994,572.944731655124,892.203433185618,297.401144395206,21.208077260755,0.0465236841005059,0.0390672686985242,0.0596534136042477,210337.860656041,144960.772070459,328265.665531362,796026.966188204,88447.4406875782,1,3,"1",14,"1","4","2","1","self","0","1","1",0,1,1
"36",109103,1.22222222222222,0.111111111111111,0.111111111111111,0.222222222222222,165.555555555556,34.8417635555556,200.397319111111,2051.50843022222,683.836143407407,0.440958551844098,0.333333333333333,0.333333333333333,0.440958551844098,496.666666666667,104.525290666667,494.59554915333,1050.84776930611,350.282589768702,0.194444444444444,0.111111111111111,0.111111111111111,0.194444444444444,246677.777777778,10925.5363889512,244624.757242284,1104281.03425562,122697.892695069,1,3,"0",28,"2","4","2","0","farming","0","1","1",0,0.333333333333333,0.333333333333333
"37",109104,3.58823529411765,0.0588235294117647,0.117647058823529,0.176470588235294,76.4705882352941,63.4068858823529,139.877474117647,744.901827058824,248.300609019608,2.15229016193832,0.242535625036333,0.241269111810288,0.319888154473636,315.296312547233,237.369356158281,381.38216659015,746.731999835503,248.910666611834,4.63235294117647,0.0588235294117647,0.0582107843137255,0.102328431372549,99411.7647058823,56344.2112429969,145452.356992997,557608.679578329,61956.5199531477,0,3,"0",50,"2","2","2","0","wage","0","1","1",0.333333333333333,1,1
"38",109105,1.58620689655172,0.344827586206897,0.362068965517241,0.706896551724138,467.852216727586,311.332100155172,779.184316882759,883.193655962759,220.79841399069,0.879283654980869,0.427903530880817,0.413158247951524,0.359106462068022,753.728459062608,536.703612841372,748.152220619466,669.962677461644,167.490669365411,0.773139745916515,0.18310143174027,0.170699737850373,0.128957451099012,568106.590000893,288050.768036981,559731.745217839,448849.989191575,28053.1243244734,1,4,"0",21,"1","1","3","1","farming","1","1","1",0.25,0.5,1
"39",110106,16.0225563909774,0.0864661654135338,0.056390977443609,0.142857142857143,78.5085932729246,54.2651445871733,132.773737860098,707.503452768283,141.500690553657,14.1490535268037,0.0895379698887838,0.0708944226617965,0.113401647110969,276.798329875823,247.802379316975,359.820262393276,646.625261172918,129.325052234584,200.195715704355,0.00801704805180476,0.00502601916454945,0.0128599335674807,76617.3154220447,61406.0191951541,129470.621228766,418124.228386944,16724.9691354778,0,5,"0",26,"1","4","4","1","nonearning","1","1","1",0.4,0.6,1
"40",110107,8.37142857142857,0.0857142857142857,0.228571428571429,0.314285714285714,160.885714285714,196.770225428571,357.655939714286,592.259511142857,148.064877785714,7.10462034538798,0.22640782716523,0.204466923215164,0.229632516070732,619.662468437387,447.373963861004,720.380312638536,670.499610061962,167.62490251549,50.4756302521008,0.0512605042016807,0.0418067226890756,0.0527310924369748,383981.574789916,200143.463540707,518947.794837195,449569.727093243,28098.1079433277,1,4,"0",82,"2","4","2","0","farming","0","0","1",0,0,0.75
"41",110108,2.9,0.2,0.1,0.3,207,78.0952105,285.0952105,750.4363733,150.08727466,1.02083557106808,0.203046965442576,0.17013926184468,0.233207986381858,448.316734839156,251.463831776926,479.780035795284,663.932899695017,132.786579939003,1.04210526315789,0.0412280701754386,0.0289473684210526,0.0543859649122807,200987.894736842,63234.0586919341,230188.882747724,440806.895297434,17632.2758118973,1,5,"0",21,"2","4","4","1","nonearning","1","1","1",0.8,0.8,0.8
"42",110109,7.45161290322581,0,0.032258064516129,0.032258064516129,0,17.8483512903226,17.8483512903226,380.224964193548,76.0449928387097,2.94209346868767,0,0.100179051172921,0.100179051172921,0,99.3754142495293,99.3754142495293,508.130123656815,101.626024731363,8.65591397849462,0,0.0100358422939068,0.0100358422939068,0,9875.47295726555,9875.47295726555,258196.22256749,10327.8489026996,1,5,"1",20,"2","4","3","1","nonearning","0","1","0",0.2,0.4,0.4
"43",110110,2.01538461538462,0.215384615384615,0.153846153846154,0.369230769230769,212.274725246154,86.3749298923077,298.649655138462,732.897732061538,244.299244020513,0.800240348510755,0.267159500519725,0.259050905798208,0.320037307520745,414.670162011916,237.711291801599,437.280913186721,274.274382851721,91.424794283907,0.640384615384615,0.0713741987179487,0.0671073717948718,0.102423878205128,171951.343262989,56506.6582499848,191214.597037413,75226.4370886924,8358.49300985472,0,3,"0",25,"1","4","3","1","nonearning","1","1","1",0.666666666666667,0.666666666666667,1
"44",110111,3.31818181818182,0.215909090909091,0.0681818181818182,0.284090909090909,153.267045454545,30.5547443181818,183.821789772727,518.676011364433,129.669002841108,2.60214524471793,0.268693317595055,0.14213381090374,0.250234999268556,336.07208747823,147.147661673423,353.72751597735,418.37203711555,104.593009278887,6.77115987460815,0.0721960989202368,0.0202020202020202,0.0626175548589342,112944.447981975,21652.4343359562,125123.155559506,175035.161440215,10939.6975900134,0,4,"0",45,"2","4","3","0","trader","1","1","1",1,1,0.75
"45",110111,3.31818181818182,0.215909090909091,0.0681818181818182,0.284090909090909,153.267045454545,30.5547443181818,183.821789772727,518.676011364433,129.669002841108,2.60214524471793,0.268693317595055,0.14213381090374,0.250234999268556,336.07208747823,147.147661673423,353.72751597735,418.37203711555,104.593009278887,6.77115987460815,0.0721960989202368,0.0202020202020202,0.0626175548589342,112944.447981975,21652.4343359562,125123.155559506,175035.161440215,10939.6975900134,0,4,"0",45,"2","4","3","0","trader","1","1","1",1,1,0.75
"46",110111,3.31818181818182,0.215909090909091,0.0681818181818182,0.284090909090909,153.267045454545,30.5547443181818,183.821789772727,518.676011364433,129.669002841108,2.60214524471793,0.268693317595055,0.14213381090374,0.250234999268556,336.07208747823,147.147661673423,353.72751597735,418.37203711555,104.593009278887,6.77115987460815,0.0721960989202368,0.0202020202020202,0.0626175548589342,112944.447981975,21652.4343359562,125123.155559506,175035.161440215,10939.6975900134,0,4,"0",45,"2","4","6","0","trader","1","1","1",1,1,0.75
"47",110111,3.31818181818182,0.215909090909091,0.0681818181818182,0.284090909090909,153.267045454545,30.5547443181818,183.821789772727,518.676011364433,129.669002841108,2.60214524471793,0.268693317595055,0.14213381090374,0.250234999268556,336.07208747823,147.147661673423,353.72751597735,418.37203711555,104.593009278887,6.77115987460815,0.0721960989202368,0.0202020202020202,0.0626175548589342,112944.447981975,21652.4343359562,125123.155559506,175035.161440215,10939.6975900134,0,4,"0",45,"2","4","6","0","trader","1","1","0",1,1,0.75
"48",110112,2.53846153846154,0.230769230769231,0.153846153846154,0.384615384615385,161.615384615385,169.142707692308,330.758092307692,686.335015384615,171.583753846154,0.776250025806185,0.28495013808837,0.292352673102343,0.381181249931244,390.845992359637,415.744683965833,516.116356886556,598.206102014077,149.551525503519,0.602564102564103,0.0811965811965812,0.0854700854700855,0.145299145299145,152760.58974359,172843.642245851,266376.093845851,357850.540486876,22365.6587804298,0,4,"0",19,"1","4","4","1","self","1","1","1",0.75,1,0.5
"49",110114,1.8,0.2,0.1,0.3,31.2,10.0860532,41.2860532,607.0360532,303.5180266,0.918936583472681,0.322030594359765,0.161015297179883,0.483045891539648,68.4248168105371,31.8949007136298,70.7102578029137,448.896597604614,224.448298802307,0.844444444444444,0.103703703703704,0.0259259259259259,0.233333333333333,4681.95555555556,1017.2846915323,4999.94055855452,201508.155340999,50377.0388352497,0,2,"0",28,"2","4","3","0","prod","1","1","1",1,1,1
"50",111116,2.71428571428571,0.314285714285714,0.0857142857142857,0.4,240.567346937143,75.3142049714286,315.881551908571,654.55298048,327.27649024,1.31889946482639,0.39268521830121,0.151093122453211,0.365148371670111,604.905587749357,375.314556409082,685.178616521312,798.519709186687,399.259854593343,1.73949579831933,0.154201680672269,0.0228291316526611,0.133333333333333,365910.770090395,140861.016252546,469469.73653806,637633.725959591,159408.431489898,0,2,"1",23,"2","2","2","0","wage","0","0","0",0,0,0
"51",112122,8,0,0.125,0.125,0,69.16236125,69.16236125,660.72486125,110.120810208333,0,0,0,0,0,195.620698570995,195.620698570995,688.656785082855,114.776130847143,0,0,0,0,0,38267.457709404,38267.457709404,474248.167640654,13173.5602122404,0,6,"0",29,"1","4","3","0","trader","1","1","1",0.666666666666667,0.666666666666667,1
"52",112126,3,0,0.142857142857143,0.142857142857143,0,106.528388571429,106.528388571429,870.315764,290.105254666667,1.70970082853022,0,0.265197417652718,0.265197417652718,0,285.95057692116,285.95057692116,862.683973943352,287.561324647784,2.92307692307692,0,0.0703296703296703,0.0703296703296703,0,81767.732441544,81767.732441544,744223.638898693,82691.5154331882,1,3,"0",40,"2","4","2","0","trader","1","1","1",1,1,1
"53",112131,6.4375,0.125,0.15625,0.28125,170.06696428125,111.8473390625,281.91430334375,737.23805334375,368.619026671875,2.61432159830325,0.150268576759382,0.129359464159921,0.224955192671068,464.196601130739,373.757574982527,562.05243399629,828.038263281596,414.019131640798,6.83467741935484,0.0225806451612903,0.0167338709677419,0.0506048387096774,215478.48450133,139694.724856819,315902.938561154,685647.365458402,171411.841364601,0,2,"0",40,"2","4","3","0","salaried","1","1","1",1,1,1
"54",112132,6.16666666666667,0.111111111111111,0.0277777777777778,0.138888888888889,44.7181597222222,7.767695,52.4858547222222,222.038021388889,22.2038021388889,4.3785189929277,0.253859103528797,0.0701472374412202,0.25102962577328,248.514150489156,46.60617,251.42962246154,364.201849591797,36.4201849591797,19.1714285714286,0.0644444444444444,0.00492063492063492,0.063015873015873,61759.282993347,2172.1350820689,63216.8550511527,132642.987246086,1326.42987246086,2,10,"1",26,"2","4","4","0","self","1","1","0",0.7,0.8,0.8
"55",112133,2,1,0,1,2146.5714284,0,2146.5714284,2146.5714284,715.523809466667,0,0,0,0,263.851844394601,0,263.851844394601,263.851844394601,87.9506147982003,0,0,0,0,69617.7957904327,0,69617.7957904327,69617.7957904327,7735.31064338141,0,3,"0",25,"1","4","2","0","wage","1","1","1",0.333333333333333,0.333333333333333,1
"56",113135,2.97530864197531,0.148148148148148,0.259259259259259,0.407407407407407,154.687830679012,218.888186320988,373.576017,635.452560209877,127.090512041975,2.01230780847498,0.274178064606035,0.323017457388572,0.345607355888795,470.897690294085,408.230900663863,565.536861846367,505.155015673247,101.031003134649,4.04938271604938,0.0751736111111111,0.104340277777778,0.119444444444444,221744.634724304,166652.468256829,319831.942107037,255181.589859838,10207.2635943935,1,5,"0",27,"2","4","6","0","self","1","1","1",0.6,0.8,1
"57",113139,2.33333333333333,0.0833333333333333,0.166666666666667,0.25,9.66666666666667,62.14156,71.8082266666667,394.433226666667,78.8866453333333,0.778498944161523,0.288675134594813,0.389249472080761,0.452267016866645,33.4863156129983,145.13141654565,144.477816321929,240.849952709279,48.1699905418559,0.606060606060606,0.0833333333333333,0.151515151515152,0.204545454545455,1121.33333333333,21063.1280685469,20873.839409153,58008.6997200621,2320.34798880248,1,5,"0",31,"2","4","3","0","farming","1","1","1",0.8,0.8,1
"58",113143,5.95397489539749,0.0878661087866109,0.0585774058577406,0.146443514644351,95.6873879205021,46.8391760002951,142.526563920797,612.374307819386,204.124769273129,2.4941054237769,0.138146696216586,0.0949697648626134,0.143414424284254,355.782539775465,204.486574820344,399.242376136776,612.284558321216,204.094852773739,6.22056186491333,0.0190845096755578,0.00901925623806008,0.0205676970927841,126581.21560908,41814.7592817563,159394.474903339,374892.380358607,41654.7089287341,0,3,"0",25,"1","4","4","1","nonearning","1","1","1",0.333333333333333,0.333333333333333,0.666666666666667
"59",113145,1.56410256410256,0.282051282051282,0.179487179487179,0.461538461538462,438.582358966974,149.470675384615,588.05303435159,990.577393325949,247.644348331487,0.640512615220349,0.426041630577524,0.334175723691882,0.435053163487784,843.022252181308,337.69800018562,830.762168391669,852.097420691978,213.024355172994,0.41025641025641,0.181511470985155,0.111673414304993,0.189271255060729,710686.517672845,114039.939329367,690165.780430828,726070.014349921,45379.3758968701,2,4,"0",35,"2","4","2","0","farming","1","1","1",0.25,0.75,1
"60",113146,3.4,0.6,0,0.6,620.8571428,0,620.8571428,720.8571428,144.17142856,1.34164078649987,0.223606797749979,0,0.223606797749979,571.927772975606,0,571.927772975606,436.620077184773,87.3240154369545,1.8,0.05,0,0.05,327101.377500837,0,327101.377500837,190637.091800837,7625.48367203347,1,5,"0",30,"2","2","2","0","farming","1","1","1",0.8,1,1
"61",113147,3.57894736842105,0.0789473684210526,0.0526315789473684,0.131578947368421,56.2819548789474,25.7874894736842,82.0694443526316,595.2760233,198.4253411,1.40715505489139,0.172147895880114,0.132005000120825,0.196278800365032,196.560301147937,110.875668806914,218.970712272381,592.366339331071,197.45544644369,1.9800853485064,0.0296348980559507,0.017425320056899,0.0385253674727359,38635.9519873675,12293.4139333804,47948.1728330739,350897.879972494,38988.6533302771,1,3,"0",29,"2","4","2","0","wage","1","1","1",0.333333333333333,0.666666666666667,1
"62",113148,2.77777777777778,0.138888888888889,0.0555555555555556,0.194444444444444,90.0238095111111,31.6550168888889,121.6788264,567.546604177778,141.886651044444,1.14918880982845,0.291411452967509,0.180387589760722,0.318727629155838,247.530877385032,171.951007763624,291.507175917224,570.228372638943,142.557093159736,1.32063492063492,0.0849206349206349,0.0325396825396825,0.101587301587302,61271.5352590038,29567.1490709259,84976.4336112355,325160.396962457,20322.5248101536,2,4,"0",35,"2","4","2","0","wage","1","1","1",0.25,0.75,0.75
"63",114149,8,0.125,0.25,0.375,37.25,49.713248,86.963248,200.713248,33.452208,0,0,0,0,105.358910396796,92.0638135169781,123.868954087445,136.037291708152,22.6728819513587,0,0,0,0,11100.5,8475.74575928892,15343.5177867175,18506.1447352889,514.059575980248,0,6,"0",37,"2","4","6","0","trader","1","1","1",0.666666666666667,0.833333333333333,0.833333333333333
"64",114150,16.3894736842105,0.131578947368421,0.152631578947368,0.284210526315789,120.8887218,158.974211936842,279.862933736842,750.629366256053,83.4032629173392,5.8946567802973,0.105448065194398,0.109832638733183,0.1525366795451,391.251777802624,453.694477547101,565.93010782932,663.982280405894,73.7758089339882,34.7469785575049,0.0111192944532421,0.0120632085310939,0.0232674386066445,153077.953633714,205838.678956737,320276.886947706,440872.468693011,5442.86998386433,2,9,"0",40,"2","4","6","0","farming","1","1","1",0.333333333333333,0.555555555555556,0.888888888888889
"65",114154,1.66666666666667,0,0.333333333333333,0.333333333333333,0,326.641533333333,326.641533333333,932.016533333333,310.672177777778,0.516397779494322,0,0.516397779494322,0.516397779494322,0,506.030887511862,506.030887511862,822.464539713441,274.154846571147,0.266666666666667,0,0.266666666666667,0.266666666666667,0,256067.259116043,256067.259116043,676447.919086043,75160.8798984492,1,3,"0",28,"2","4","2","0","wage","1","1","1",0.333333333333333,0.666666666666667,0.666666666666667
"66",114155,1.14285714285714,0,0,0,0,0,0,1120,560,0.363136519601281,0,0,0,0,0,0,0,0,0.131868131868132,0,0,0,0,0,0,0,0,0,2,"0",55,"2","4","2","0","farming","1","1","1",0.5,1,1
"67",115162,1,0,0.5,0.5,0,27.534925236,27.534925236,172.472425236,43.118106309,0,0,0.707106781186548,0.707106781186548,0,38.9402647076804,38.9402647076804,166.03231348877,41.5080783721925,0,0,0.5,0.5,0,1516.34421550422,1516.34421550422,27566.7291224332,1722.92057015208,1,4,"0",25,"2","4","2","0","trader","1","1","1",0.75,0.75,0.75
"68",116167,16.5359477124183,0.101307189542484,0.065359477124183,0.166666666666667,80.772380945281,47.8285372875817,128.600918232863,513.972141495612,128.493035373903,9.58449988008531,0.0940470609895014,0.0470782309557317,0.0964146019909208,269.840529301905,191.641012902121,319.042954459937,528.094621077389,132.023655269347,91.8626379513554,0.00884484968076299,0.00221635982992122,0.00929577547706767,72813.9112539321,36726.277826151,101788.406790526,278883.928810871,17430.2455506794,2,4,"0",52,"2","4","4","0","trader","1","1","1",0.25,0.5,0.75
"69",116168,4.6,0.0666666666666667,0.266666666666667,0.333333333333333,79.4666666666667,226.274947066667,305.741613733333,359.370947066667,71.8741894133333,1.40407570003493,0.114434427054266,0.0845154254728517,0.133630620956212,307.773076578616,657.833664641759,699.241021405684,694.366732889994,138.873346577999,1.97142857142857,0.0130952380952381,0.00714285714285714,0.0178571428571429,94724.2666666667,432745.130336007,488938.006016464,482145.159744324,19285.806389773,2,5,"0",50,"2","4","3","0","salaried","1","1","1",0.8,1,1
"70",116171,1.2,0,0.1,0.1,0,0.024498115,0.024498115,121.454748115,30.36368702875,0.421637021355784,0,0.316227766016838,0.316227766016838,0,0.0774698417807359,0.0774698417807359,200.004497564078,50.0011243910195,0.177777777777778,0,0.1,0.1,0,0.00600157638553225,0.00600157638553225,40001.7990458592,2500.1124403662,0,4,"1",48,"3","4","2","0","nonearning","0","1","1",0,1,1
"71",116175,5.05128205128205,0.0512820512820513,0.205128205128205,0.256410256410256,60.5555555555556,193.451864957265,254.007420512821,562.343979680342,140.585994920085,4.75946634549497,0.154686585960825,0.211481518472578,0.23977006619855,293.794129317548,427.157652166913,495.123726263023,472.959745754256,118.239936438564,22.6525198938992,0.0239279398762157,0.0447244326554671,0.0574896846448571,86314.9904214559,182463.65980475,245147.504308581,223690.921103931,13980.6825689957,1,4,"0",50,"2","4","2","0","wage","1","1","1",0.5,1,1
"72",116180,2.5,0.288461538461538,0.0576923076923077,0.346153846153846,288.895604392308,39.28661125,328.182215642308,697.172808590385,116.195468098397,1.89426378683584,0.357178767138136,0.169762245495548,0.34994176673598,506.847233921448,191.242612333797,519.926253693058,602.333606535073,100.388934422512,3.58823529411765,0.127576671694319,0.0288192199956906,0.122459240106299,256894.118533823,36573.7367722551,270323.309279298,362805.773561548,10077.9381544874,2,6,"0",33,"2","4","2","0","farming","1","1","0",0.666666666666667,0.833333333333333,0
"73",116180,2.5,0.288461538461538,0.0576923076923077,0.346153846153846,288.895604392308,39.28661125,328.182215642308,697.172808590385,116.195468098397,1.89426378683584,0.357178767138136,0.169762245495548,0.34994176673598,506.847233921448,191.242612333797,519.926253693058,602.333606535073,100.388934422512,3.58823529411765,0.127576671694319,0.0288192199956906,0.122459240106299,256894.118533823,36573.7367722551,270323.309279298,362805.773561548,10077.9381544874,2,6,"0",33,"2","4","2","0","farming","1","1","0",0.666666666666667,0.833333333333333,0
"74",117186,2.74193548387097,0.161290322580645,0.451612903225806,0.612903225806452,102.032258064516,185.106292064516,287.138550129032,405.945673783871,81.1891347567742,1.63233456406224,0.212933092289843,0.247930502460224,0.25958334412054,244.938833707651,229.209724907302,271.107697167518,234.905328178442,46.9810656356884,2.66451612903226,0.0453405017921147,0.0614695340501792,0.0673835125448029,59995.0322580645,52537.0979920811,73499.3834634746,55180.5132066216,2207.22052826486,0,5,"0",23,"2","4","2","0","trader","1","1","1",1,1,1
"75",117193,1.66666666666667,0.333333333333333,0.25,0.583333333333333,460.970238091667,108.882170875,569.852408966667,723.421853410833,241.140617803611,0.701964118163034,0.425628265379374,0.41702882811415,0.425628265379374,752.357939057308,258.545567687201,726.73304968552,666.617529067104,222.205843022368,0.492753623188406,0.181159420289855,0.173913043478261,0.181159420289855,566042.468462561,66845.8105706971,528140.925505217,444378.930059531,49375.4366732812,1,3,"0",32,"2","4","2","0","wage","1","1","1",0.666666666666667,0.666666666666667,1
"76",118198,2,0,0,0,0,0,0,336,84,0,0,0,0,0,0,0,0,0,0,0,0,0,0,0,0,0,0,2,4,"0",35,"2","4","2","0","farming","1","1","1",0.25,0.5,1
"77",118212,6.16666666666667,0.118421052631579,0.105263157894737,0.223684210526316,203.156641601754,86.9882254166667,290.144867018421,893.592168971491,297.86405632383,2.43837407612028,0.0995464820870897,0.0897876451396068,0.114747964768133,577.38468114086,299.088159798894,622.355704851689,750.294413044163,250.098137681388,5.94566813509545,0.00990950209591527,0.00806182121971596,0.0131670954184286,333373.070016132,89453.7273318885,387326.623361443,562941.706245285,62549.0784716984,1,3,"0",48,"2","4","2","0","farming","1","1","1",0.666666666666667,0.666666666666667,1
"78",119220,2.27777777777778,0.263888888888889,0.166666666666667,0.430555555555556,120.188472222222,37.1526860133333,157.341158235556,210.37410268,52.59352567,1.55845917244414,0.387954388039043,0.266255551640417,0.395742205967123,498.52038121179,252.615579886935,550.709332363855,610.683846063159,152.67096151579,2.42879499217527,0.150508607198748,0.0708920187793427,0.156611893583725,248522.570483549,63814.6312016123,303280.768752642,372934.759842492,23308.4224901558,1,4,"0",50,"2","4","3","0","farming","1","1","1",1,1,1
"79",120224,2.81818181818182,0.127272727272727,0.181818181818182,0.309090909090909,195.818181818182,256.593365149091,452.411546967273,832.806746967273,166.561349393455,1.57634021862302,0.190471681043302,0.258144549245718,0.295400582139187,548.707879203804,588.09535154013,737.959508972453,732.950348769877,146.590069753975,2.48484848484848,0.0362794612794613,0.066638608305275,0.0872615039281706,301080.336700337,345856.14250311,544584.236882864,537216.213761884,21488.6485504754,0,5,"0",29,"2","2","2","0","trader","1","1","0",0.8,1,0.4
"80",120225,8.13684210526316,0.115789473684211,0.0842105263157895,0.2,125.074150374737,67.4902626947368,192.564413069474,658.241424692105,164.560356173026,3.89168296809281,0.153309039112462,0.114823449552118,0.146603854463257,390.50464195381,278.880299597413,461.840011876003,769.163983232261,192.290995808065,15.1451963241437,0.0235036614735863,0.0131844245670478,0.0214926901434838,152493.875387473,77774.2215035428,213296.196569627,591613.233101718,36975.8270688574,0,4,"0",26,"1","4","99","1","nonearning","0","1","0",0,0.5,0
"81",120227,1.10810810810811,0,0.027027027027027,0.027027027027027,0,51.676972972973,51.676972972973,281.537645086162,140.768822543081,0.314800093867678,0,0.164398987305357,0.164398987305357,0,314.338754879234,314.338754879234,305.723730908341,152.86186545417,0.0990990990990991,0,0.027027027027027,0.027027027027027,0,98808.852819027,98808.852819027,93466.9996405156,23366.7499101289,0,2,"0",35,"2","4","2","0","trader","1","1","1",1,1,1
"82",120230,1,0.125,0,0.125,145,0,145,602.02775,86.0039642857143,0,0.353553390593274,0,0.353553390593274,410.121933088198,0,410.121933088198,391.840459356957,55.9772084795654,0,0.125,0,0.125,168200,0,168200,153538.945589071,3133.44786916472,0,7,"0",60,"2","2","1","0","farming","1","1","0",1,1,0
"83",120232,6,0.0689655172413793,0.0689655172413793,0.137931034482759,53.066502462069,14.5587620344828,67.6252644965517,350.944592791379,87.7361481978448,5.53140951549152,0.189218364418873,0.15241551764223,0.23245014773862,271.062877533048,59.4766109712298,274.663935575232,552.404405724707,138.101101431177,30.5964912280702,0.0358035894333535,0.0232304900181488,0.0540330711837064,73475.0835764963,3537.46725262301,75440.2775056751,305150.627464067,19071.9142165042,0,4,"1",48,"2","4","2","0","nonearning","0","1","1",0.25,0.75,1
"84",120235,2.78313253012048,0.120481927710843,0.156626506024096,0.27710843373494,109.573149737349,111.186743036145,220.759892773494,464.683641338916,92.9367282677831,1.68239226285787,0.25610863872976,0.234187457617019,0.300605879188684,383.653174526812,313.705278206437,470.039836906719,512.184774839731,102.436954967946,2.83044372612401,0.065591634832011,0.0548437653051229,0.0903638946028014,147189.758324501,98411.0015745781,220937.448279295,262333.243577626,10493.329743105,3,5,"0",36,"2","4","3","0","farming","1","1","1",0.2,0.8,1
"85",120237,1.66666666666667,0.333333333333333,0,0.333333333333333,496.666666666667,0,496.666666666667,1547.67441866667,515.891472888889,0.577350269189626,0.288675134594813,0,0.288675134594813,860.251901092542,0,860.251901092542,1327.45163872196,442.483879573986,0.333333333333333,0.0833333333333333,0,0.0833333333333333,740033.333333333,0,740033.333333333,1762127.85314561,195791.983682846,1,3,"0",50,"2","4","3","0","trader","1","1","1",0.333333333333333,1,1
"86",120239,1,0,0,0,0,0,0,560,280,0,0,0,0,0,0,0,0,0,0,0,0,0,0,0,0,0,0,0,2,"0",30,"1","4","4","0","nonearning","1","1","1",0.5,0.5,1
"87",221240,2.53333333333333,0.266666666666667,0.433333333333333,0.7,333.69523808,398.430968866667,732.126206946667,833.603984723333,119.086283531905,0.899552890217607,0.253708131702462,0.145823070246419,0.231188831611886,621.516018674117,561.525877670348,653.081282611658,552.990215878392,78.9986022683416,0.809195402298851,0.064367816091954,0.021264367816092,0.053448275862069,386282.161468525,315311.311293454,426515.161697688,305798.17885723,6240.77916035163,2,7,"0",35,"2","2","2","0","farming","1","1","1",0.714285714285714,1,1
"88",221241,1.53571428571429,0.0714285714285714,0.0714285714285714,0.142857142857143,79.9005102035714,98.8033732142857,178.703883417857,542.152186988095,180.717395662698,1.15937735192466,0.230189080946541,0.230189080946541,0.320713490294909,336.103159046373,395.395884999662,503.21694028859,530.424701504298,176.808233834766,1.34415584415584,0.052987012987013,0.052987012987013,0.102857142857143,112965.333520952,156337.905874666,253227.288993411,281350.363965924,31261.1515517693,0,3,"0",50,"2","3","2","0","farming","1","1","1",1,1,1
"89",221242,5.47058823529412,0.00735294117647059,0.0441176470588235,0.0514705882352941,2.85924369705882,9.43370741176471,12.2929511088235,315.311424096151,63.0622848192302,2.54133582974865,0.0423955849224307,0.179201812938231,0.182365239588091,33.3442249063793,54.1114365129258,63.131123506623,406.457256463429,81.2914512926858,6.45838779956427,0.00179738562091503,0.0321132897603486,0.0332570806100218,1111.8373346072,2928.0475614924,3985.53875520849,165207.501331778,6608.30005327111,2,5,"1",20,"1","4","5","1","nonearning","0","1","1",0,0.8,1
"90",221243,8.96178343949045,0.0636942675159236,0.0828025477707006,0.146496815286624,87.2343949044586,115.605832101911,202.840227006369,729.56299148507,182.390747871268,4.74596367010211,0.0899678209737755,0.107711521262858,0.143379499400319,393.80937740547,420.213451116635,558.002032470128,734.597130976479,183.64928274412,22.5241711579291,0.00809420881076932,0.0116017718127591,0.0205576808482859,155085.825732484,176579.344499353,311366.268240794,539632.944838875,33727.0590524297,1,4,"0",50,"2","2","3","0","farming","1","1","1",1,1,1
"91",221244,1,0,0,0,0,0,0,640,128,NA,NA,NA,NA,NA,NA,NA,NA,NA,NA,NA,NA,NA,NA,NA,NA,NA,NA,2,5,"0",40,"2","4","2","0","wage","1","1","1",1,1,1
"92",221245,7.86274509803922,0.0392156862745098,0.117647058823529,0.156862745098039,32.3137254862745,87.4832255882353,119.79695107451,874.473962433922,145.745660405654,3.80626011973318,0.0644497228067417,0.0914018362268214,0.0956095673585287,178.288848617443,280.11964461632,323.361894475011,692.914268629503,115.485711438251,14.4876160990712,0.00415376676986584,0.00835429566563468,0.00914118937048504,31786.9135413336,78467.0152999733,104562.914798468,480130.183670359,13336.9495463989,2,6,"0",43,"2","4","2","0","trader","0","0","1",0,0.166666666666667,0.833333333333333
"93",221246,1.58823529411765,0.294117647058824,0.352941176470588,0.647058823529412,536.722689058824,356.821898823529,893.544587882353,1185.30929376471,237.061858752941,0.795206225564457,0.435130136044514,0.459779358848926,0.424437343813583,883.184429122303,498.019174752067,788.079764383075,595.147050500541,119.029410100108,0.632352941176471,0.189338235294118,0.211397058823529,0.180147058823529,780014.735844088,248023.09842073,621069.715030082,354200.011719494,14168.0004687798,1,5,"0",52,"2","4","3","0","trader","0","1","0",0.4,1,0
"94",221248,2.15384615384615,0.134615384615385,0.538461538461538,0.673076923076923,175.656593396154,533.185615846154,708.842209242308,837.169132319231,209.292283079808,0.801582145916177,0.264118671622907,0.354884044113305,0.29513399058426,523.803136371612,614.731910784903,679.173809944829,598.404071753074,149.601017938269,0.642533936651584,0.0697586726998492,0.125942684766214,0.08710407239819,274369.725672737,377895.322137258,461277.064114975,358087.433090659,22380.4645681662,1,4,"0",40,"2","3","2","0","wage","1","1","1",1,1,1
"95",221249,2,0.25,0.381578947368421,0.631578947368421,342.131578936842,391.991853710526,734.123432647368,838.557643173684,279.519214391228,0.894427190999916,0.324893144826965,0.313068196893956,0.307698492965272,689.676990241084,593.912021216895,746.045518060038,658.317541692646,219.439180564215,0.8,0.105555555555556,0.0980116959064327,0.0946783625730994,475654.350868001,352731.488945937,556583.915017471,433381.985700249,48153.5539666943,1,3,"0",40,"2","4","2","0","farming","1","1","1",1,1,1
"96",221250,5.22222222222222,0.259259259259259,0.148148148148148,0.407407407407407,290.899470888889,77.6990801851852,368.598551074074,557.931884407407,61.992431600823,2.95261726574047,0.226140666709022,0.218450904600548,0.400142424786425,618.088254813523,192.013289540226,609.883831800455,548.881797188275,60.9868663542528,8.71794871794872,0.0511396011396011,0.0477207977207977,0.16011396011396,382033.090738427,36869.1033600586,371958.288291605,301271.227284631,3719.39786771149,1,9,"0",22,"1","4","7","1","nonearning","1","1","1",0.777777777777778,0.888888888888889,0.888888888888889
"97",221251,9.62790697674419,0.0813953488372093,0.116279069767442,0.197674418604651,65.2217607953488,66.7493733488372,131.971134144186,358.344156500698,59.7240260834496,4.40333165743423,0.1440886733777,0.17081264143044,0.233116908019357,241.579645436207,259.700507260868,342.046224461736,489.130413181772,81.5217355302953,19.3893296853625,0.0207615457957455,0.0291769584724441,0.0543434928045051,58360.7250890834,67444.3534715524,116995.619668528,239248.561099371,6645.79336387141,0,6,"0",31,"1","4","4","0","salaried","1","1","1",0.833333333333333,1,0.833333333333333
"98",222252,7.6,0.0666666666666667,0.0833333333333333,0.15,65.410714285,75.406393,140.817107285,434.017583475,86.803516695,3.73803174891977,0.100303754225306,0.142614806562459,0.166057120911679,293.608492450406,259.335342595692,378.719942934471,490.712590972196,98.1425181944393,13.9728813559322,0.0100608431116906,0.0203389830508475,0.0275749674054759,86205.9468390003,67254.819919225,143428.795176289,240798.846938646,9631.95387754585,1,5,"0",20,"1","4","3","1","nonearning","1","1","0",0.4,1,0
"99",222257,9.25438596491228,0.0701754385964912,0.087719298245614,0.157894736842105,98.0827067631579,94.2836739122807,192.366380675439,658.42134642143,131.684269284286,4.98334035754104,0.159692702307649,0.110440631952212,0.159163991857701,395.326640516184,339.906096339443,503.232187479008,618.968035319458,123.793607063892,24.8336811190973,0.0255017591703193,0.012197133186004,0.0253331763040782,156283.152701812,115536.154328719,253242.634514908,383121.42874723,15324.8571498892,0,5,"0",60,"2","4","2","0","prod","0","0","1",0,0,0.4
"100",222258,2,0.181818181818182,0.181818181818182,0.363636363636364,229.967272727273,192.291190909091,422.258463636364,777.466134090909,259.155378030303,0.925820099772551,0.303894870559035,0.352275636537817,0.458996961513048,527.531632761142,418.05768742052,600.340735487159,683.647974963697,227.882658321232,0.857142857142857,0.0923520923520924,0.124098124098124,0.210678210678211,278289.623563636,174772.230011393,360408.998685263,467374.553671963,51930.5059635515,0,3,"0",27,"1","4","3","0","trader","0","0","1",0,0,0.333333333333333
"101",223262,2.42857142857143,0.357142857142857,0.142857142857143,0.5,528.765306114286,104.565125,633.330431114286,995.000905217667,248.750226304417,1.08940955880384,0.363136519601281,0.188982236504614,0.366899692852671,798.029593856713,287.09614063852,774.718264279258,629.196157575786,157.299039393946,1.18681318681319,0.131868131868132,0.0357142857142857,0.134615384615385,636851.232671111,82424.193969533,600188.389007867,395887.804708133,24742.9877942583,1,4,"0",45,"2","4","6","0","farming","1","1","1",0.5,0.5,1
"102",223265,3.11428571428571,0.142857142857143,0.228571428571429,0.371428571428571,54.3836734628571,56.0366638857143,110.420337348571,1080.09741380286,360.032471267619,1.40945188702869,0.218217890235992,0.185617298527387,0.121843909882071,183.634193773496,129.352539261883,210.188900199875,1072.94943568767,357.649811895891,1.98655462184874,0.0476190476190476,0.034453781512605,0.0148459383753501,33721.5171228419,16732.0794134971,44179.3737672331,1151220.4915425,127913.387949166,1,3,"0",43,"2","4","3","0","farming","1","1","1",0.666666666666667,1,1
"103",223266,5.06666666666667,0.1,0.15,0.25,167.545238093333,143.865678266667,311.41091636,858.64041636,214.66010409,3.56948776967412,0.171401665900441,0.149386693452901,0.172223740956793,533.075186314041,445.399635849542,658.426067360421,645.169787638132,161.292446909533,12.7412429378531,0.0293785310734463,0.022316384180791,0.0296610169491525,284169.154263749,198380.835614905,433524.88617971,416244.054881033,26015.2534300645,2,4,"0",36,"2","4","2","0","farming","1","1","1",0.5,0.5,1
"104",223267,2.33333333333333,0.25,0.166666666666667,0.416666666666667,289.386904758333,86.5799235,375.966828258333,841.830717145833,280.610239048611,1.0494995356656,0.306924907022426,0.269190951029083,0.329690236697893,702.237402224063,264.611272428077,714.750025127702,771.404718837563,257.134906279188,1.10144927536232,0.0942028985507246,0.072463768115942,0.108695652173913,493137.3690824,70019.1254960059,510867.598420051,595065.24024486,66118.3600272067,1,3,"0",50,"2","4","2","0","farming","1","1","1",1,1,1
"105",223268,1.54545454545455,0.363636363636364,0.0909090909090909,0.454545454545455,483.012986981818,91.6913927272727,574.704379709091,1183.34074334545,236.668148669091,0.522232967867094,0.393122696553448,0.301511344577764,0.415604707296817,699.862882899752,304.105946181486,696.315006088406,560.891814719095,112.178362943819,0.272727272727273,0.154545454545455,0.0909090909090909,0.172727272727273,489808.054860751,92480.4265029366,484854.587703897,314599.627818879,12583.9851127552,1,5,"0",48,"2","4","2","0","farming","0","1","0",0.2,0.6,0
"106",223269,8.67647058823529,0.122549019607843,0.0245098039215686,0.147058823529412,142.165266103922,17.0233195098039,159.188585613725,897.400350319608,224.350087579902,5.84135378853862,0.0910613056663572,0.0525593407879746,0.105324649716204,388.620989578971,113.727354862018,398.868514294506,783.6531822967,195.913295574175,34.1214140828745,0.00829216138966173,0.00276248430406645,0.011093281837841,151026.273541339,12933.9112439114,159096.091695506,614112.310123745,38382.0193827341,2,4,"0",45,"2","1","4","0","salaried","1","1","1",0.5,1,1
"107",224283,4.6986301369863,0.0136986301369863,0,0.0136986301369863,21.3072407013699,0,21.3072407013699,393.085377686986,393.085377686986,4.41174232244299,0.0508676618872461,0,0.0508676618872461,182.049144354886,0,182.049144354886,371.590766419658,371.590766419658,19.4634703196347,0.00258751902587519,0,0.00258751902587519,33141.8909603462,0,33141.8909603462,138079.697688349,138079.697688349,0,1,"0",39,"2","4","2","0","farming","0","1","1",0,1,1
"108",225287,2.6989247311828,0.236559139784946,0.247311827956989,0.483870967741935,276.478494623656,224.002591096774,500.48108572043,626.416569591398,104.402761598566,1.86957880769602,0.309201266321637,0.253850662699119,0.229424448070828,539.989290926311,459.283376018906,614.263387979168,537.983266707401,89.6638777845668,3.49532491818607,0.0956054230949042,0.0644401589527817,0.052635577372604,291588.4343151,210941.219487324,377319.509811646,289425.995257166,8039.61097936573,0,6,"0",30,"2","4","3","0","trader","1","1","1",1,1,1
"109",225288,7.32,0.04,0,0.04,29.8,0,29.8,192.22,32.0366666666667,2.54492959955019,0.0654653670707977,0,0.0654653670707977,149,0,149,186.663192676007,31.1105321126678,6.47666666666667,0.00428571428571429,0,0.00428571428571429,22201,0,22201,34843.1475,967.865208333333,1,6,"0",8,"1","4","2","1","nonearning","0","1","1",0.333333333333333,0.666666666666667,0.833333333333333
"110",225289,4.29032258064516,0.032258064516129,0.0645161290322581,0.0967741935483871,37.4193548387097,22.944576,60.3639308387097,731.559729806452,146.31194596129,3.19576332443541,0.0512682639310071,0.102536527862014,0.127469629995098,208.342150351059,95.3459212004573,225.217485463423,922.155106067859,184.431021213572,10.2129032258065,0.0026284348864994,0.0105137395459976,0.0162485065710872,43406.4516129032,9090.8446895638,50722.915758467,850370.039647024,34014.8015858809,1,5,"0",18,"1","4","3","1","nonearning","1","1","1",0.4,0.8,1
"111",225290,7.33333333333333,0.0555555555555556,0.0555555555555556,0.111111111111111,16.1111111111111,13.6100638888889,29.721175,187.776730555556,93.8883652777778,1.94028500029066,0.0639137490706142,0.0639137490706142,0.127827498141228,68.3536555146996,57.7426108092929,86.8451954289156,211.9864665726,105.9932332863,3.76470588235294,0.00408496732026144,0.00408496732026144,0.0163398692810458,4672.22222222222,3334.20910307347,7542.08796908654,44938.2620099362,11234.5655024841,0,2,"0",38,"2","4","4","0","farming","1","1","1",0.5,0.5,1
"112",225291,2.39583333333333,0.239583333333333,0.229166666666667,0.46875,298.255208333333,235.259083020833,533.514291354167,659.286860797813,164.821715199453,0.839538302523184,0.234847841744245,0.262411221411751,0.21939909961593,571.094470914778,491.957439294442,652.961957508258,587.799368940727,146.949842235182,0.704824561403509,0.0551535087719298,0.068859649122807,0.0481359649122807,326148.89470943,242022.122077144,426359.317953016,345508.098127117,21594.2561329448,0,4,"0",30,"2","4","3","0","self","1","1","1",1,1,1
"113",225292,2.2258064516129,0.0967741935483871,0.032258064516129,0.129032258064516,148.709677419355,32.535655483871,181.245332903226,601.849849032258,120.369969806452,1.23043833434417,0.255582825411179,0.179605302026775,0.301875855705726,473.347947676857,181.150863124412,496.86479381072,675.923017755415,135.184603551083,1.51397849462366,0.0653225806451613,0.032258064516129,0.0911290322580645,224058.279569892,32815.6352107194,246874.623328569,456871.925931587,18274.8770372635,1,5,"0",18,"1","4","3","0","nonearning","0","1","1",0.2,0.8,0.8
"114",225296,5.48648648648649,0.162162162162162,0.0540540540540541,0.216216216216216,202.324324324324,25.5478035135135,227.872127837838,580.812127837838,82.9731611196911,3.30506027530867,0.148482480606458,0.165989615797352,0.192709981934349,549.695777178111,108.425276475851,550.72356079028,577.775635587093,82.5393765124419,10.9234234234234,0.022047047047047,0.0275525525525526,0.0371371371371371,302165.447447447,11756.0405788646,303296.440409525,333824.68507807,6812.74867506265,0,7,"0",28,"1","4","3","1","trader","1","1","1",0.571428571428571,0.857142857142857,0.714285714285714
"115",225297,5.67741935483871,0.0967741935483871,0.0645161290322581,0.161290322580645,85.8790322580645,36.4291403225806,122.308172580645,556.505575687984,139.126393921996,3.6743425576686,0.148412211891606,0.112515100201458,0.167198644612485,309.878806101965,176.347277109719,347.510667797844,791.376855752277,197.844213938069,13.5007932310947,0.022026184638559,0.0126596477733442,0.0279553867602519,96024.8744711793,31098.3621440121,120763.664233303,626277.32782036,39142.3329887725,2,4,"0",36,"2","4","3","0","trader","1","1","1",0.75,1,1
"116",226300,5.92682926829268,0.0853658536585366,0.103658536585366,0.189024390243902,61.0578658512195,87.098741402439,148.156607253659,748.743172293445,187.185793073361,2.97960547396594,0.130294137184114,0.157065462718675,0.174894864528638,219.407712177838,292.757628410115,350.920780673739,711.492289093105,177.873072273276,8.87804878048781,0.0169765621845526,0.0246695595790314,0.0305882136384905,48139.7441631131,85707.0289923151,123145.394308667,506221.277438947,31638.8298399342,2,4,"0",26,"2","4","2","0","trader","1","1","1",0.5,1,1
"117",226301,5.83333333333333,0.0416666666666667,0.0833333333333333,0.125,31.0416666666667,115.17101625,146.212682916667,361.158099583333,90.2895248958333,3.67916184531993,0.0503610155185335,0.225221308230725,0.214509889640602,152.072488197789,460.408887690822,477.117707334953,537.359531984427,134.339882996107,13.536231884058,0.00253623188405797,0.0507246376811594,0.0460144927536232,23126.0416666667,211976.3438647,227641.306652562,288755.266614522,18047.2041634076,2,4,"0",34,"2","4","2","0","farming","1","1","1",1,1,1
"118",226302,6.81443298969072,0.0618556701030928,0.0824742268041237,0.144329896907216,45.2577319587629,59.7884596907217,105.046191649485,850.721449381134,94.5246054867927,3.41360603842432,0.129303279459085,0.120644449755298,0.144793449386073,184.452132360411,214.398940780948,272.985974116646,797.416628517397,88.6018476130441,11.652706185567,0.0167193380788742,0.0145550832567585,0.0209651429851172,34022.5891323024,45966.9058079926,74521.3420644144,635873.279436053,7850.28740044509,3,9,"0",30,"2","4","2","0","wage","0","0","1",0,0,1
"119",226303,1,0,0,0,0,0,0,800.5,200.125,0,0,0,0,0,0,0,829.963101589462,207.490775397366,0,0,0,0,0,0,0,688838.75,43052.421875,2,4,"0",28,"2","3","2","0","wage","1","1","1",0.75,1,1
"120",226304,2.23913043478261,0.195652173913043,0.141304347826087,0.33695652173913,200.020380434783,86.5487488043478,286.56912923913,533.237689021739,133.309422255435,0.599808856318819,0.252712628412837,0.256698754724014,0.271766999685708,437.480106014399,223.954343871848,454.467700882806,370.997623127973,92.7494057819932,0.35977066411849,0.0638636725593247,0.0658942506768594,0.0738573021181717,191388.84315837,50155.5481390698,206540.891145704,137639.236366605,8602.45227291284,1,4,"0",50,"2","4","2","0","farming","0","0","1",0.25,0.25,1
"121",226305,4.9468085106383,0.106382978723404,0.111702127659574,0.218085106382979,97.0273556191489,75.6848095638298,172.712165182979,722.236544615425,103.176649230775,2.09336625397854,0.121558802508934,0.191916713393035,0.180354923217803,320.342001340439,230.321608540062,375.368495273778,668.169373200826,95.452767600118,4.38218227329617,0.014776542467406,0.0368320248795843,0.0325278983288996,102618.997822798,53048.0433604815,140901.5072441,446450.311283585,9111.23084252213,3,7,"0",45,"2","4","2","0","self","1","1","1",0.571428571428571,0.571428571428571,1
"122",226308,3.77966101694915,0.0508474576271186,0.0677966101694915,0.11864406779661,54.7457627118644,57.1588925423729,111.904655254237,909.413129830509,303.137709943503,2.45699421504497,0.152420563093599,0.139065272579361,0.188567589102727,253.434041832036,219.474529392326,325.624883232012,718.653962148004,239.551320716001,6.03682057276446,0.0232320280537697,0.019339150037572,0.035557735660015,64228.813559322,48169.0690519828,106031.564579861,516463.517311024,57384.8352567805,1,3,"0",30,"2","1","1","0","trader","1","1","1",0.666666666666667,1,1
"123",226309,5.65486725663717,0.115044247787611,0.106194690265487,0.221238938053097,149.557522123894,150.900033765487,300.457555889381,909.566936420354,75.7972447016962,2.77350317257675,0.1794536781442,0.146441547121217,0.182922650935834,466.279229992476,517.13548409941,662.801595322048,910.423073277506,75.8685894397922,7.6923198482933,0.0322036225994823,0.0214451267232557,0.0334606962253928,217416.320322377,267429.108914731,439305.954761452,828870.17235606,5756.04286358375,5,12,"0",28,"2","4","2","0","trader","1","1","1",0.25,0.583333333333333,1
"124",227311,6.24675324675325,0.0909090909090909,0.012987012987013,0.103896103896104,55.0714285714286,6.36314675324675,61.4345753246753,750.760982251039,250.253660750346,3.10413918975363,0.120164503330062,0.0320201576975303,0.12435754243123,178.867778906172,55.8363861514901,185.475894409468,830.603758144293,276.867919381431,9.63568010936432,0.0144395078605605,0.00102529049897471,0.0154647983595352,31993.6823308271,3117.70201845831,34401.3074069921,689902.603043423,76655.8447826026,1,3,"0",30,"2","4","2","0","farming","0","1","1",0,1,1
"125",227312,2.375,0,0.1875,0.1875,0,258.63436775,258.63436775,884.80624275,442.403121375,1.20415945787923,0,0.403112887414928,0.403112887414928,0,594.024507004553,594.024507004553,717.94534006813,358.972670034065,1.45,0,0.1625,0.1625,0,352865.114922002,352865.114922002,515445.511325544,128861.377831386,0,2,"0",36,"2","3","1","0","farming","0","1","1",0,1,1
"126",227313,2.84848484848485,0.0151515151515152,0.0606060606060606,0.0757575757575758,8.3030303030303,100.891313075758,109.194343378788,837.941639379597,209.485409844899,2.14291264219394,0.0863667034175061,0.139094641691617,0.157929493577751,67.4541370566743,464.48078823867,467.537464266784,960.990704757985,240.247676189496,4.59207459207459,0.00745920745920746,0.0193473193473193,0.0249417249417249,4550.06060606061,215742.402642816,218591.280493015,923503.134631249,57718.945914453,1,4,"0",40,"2","4","3","0","farming","0","1","1",0,0.75,1
"127",227314,5.05347593582888,0.0320855614973262,0.229946524064171,0.262032085561497,42.0588235294118,401.517298930481,443.576122459893,1110.75727219144,185.126212031907,2.52882866403642,0.0924813251811127,0.131270807016333,0.165641226335907,237.031738187707,778.005397453497,792.161706079265,666.012577081252,111.002096180209,6.39497441205221,0.00855279550725471,0.0172320247747193,0.0274370158620633,56184.0449082859,605292.398466773,627520.168578411,443572.752830411,12321.4653564003,2,6,"0",23,"1","4","5","1","salaried","1","1","0",0.833333333333333,0.833333333333333,0
"128",227315,1.125,0,0,0,0,0,0,424.3125,106.078125,0.336010752516124,0,0,0,0,0,0,719.879579423509,179.969894855877,0.112903225806452,0,0,0,0,0,0,518226.608870968,32389.1630544355,0,4,"0",60,"2","4","2","0","prod","0","1","1",0.5,0.75,1
"129",227316,8.92857142857143,0.0357142857142857,0.0803571428571428,0.116071428571429,33.053571425,38.0040879821429,71.0576594071429,571.103114764284,285.551557382142,4.36553720152687,0.0686950123298971,0.127841518465066,0.123575696522224,173.283048599798,158.450165301219,229.343616510548,752.104547193228,376.052273596614,19.0579150579151,0.00471900471900472,0.0163434538434538,0.0152709527709528,30027.01493204,25106.4548839836,52598.4944341372,565661.249908731,141415.312477183,0,2,"0",34,"2","4","3","0","farming","0","1","1",0,1,1
"130",227317,7.39473684210526,0.105263157894737,0.171052631578947,0.276315789473684,110.323712405263,61.6710955578947,171.994807963158,370.306496559539,74.0612993119079,6.36883861180026,0.14742758489348,0.234479224714285,0.24160364171119,404.34993091128,220.219797492755,445.204024206893,525.503214512012,105.100642902402,40.5621052631579,0.0217348927875244,0.0549805068226121,0.0583723196881092,163498.866627957,48496.7592077499,198206.623170012,276153.628462458,11046.1451384983,2,5,"0",40,"2","4","2","0","farming","0","1","1",0,1,1
"131",227320,3.17391304347826,0.217391304347826,0.173913043478261,0.391304347826087,169.760869565217,91.0820691304348,260.842938695652,609.864677826087,101.644112971014,1.30217209842365,0.209224051096695,0.25858131240514,0.177729050195142,405.38527885001,203.384696092918,416.380312293768,309.314474914842,51.552412485807,1.69565217391304,0.0437747035573123,0.0668642951251647,0.0315876152832675,164337.2243083,41365.3346048087,173372.564465856,95675.4443918443,2657.65123310679,1,6,"0",32,"2","4","6","0","salaried","1","1","1",0.666666666666667,0.666666666666667,0.833333333333333
"132",227321,2.15492957746479,0.140845070422535,0.295774647887324,0.436619718309859,99.6338028169014,133.025353549296,232.659156366197,438.39389815,73.0656496916667,0.576885413825055,0.256112399872027,0.24266572327556,0.261810238415092,252.808128228087,222.72793387284,294.33545133223,358.695349686175,59.7825582810292,0.332796780684105,0.0655935613682092,0.0588866532528504,0.0685446009389671,63911.9496981891,49607.7325272644,86633.3579109473,128662.353886487,3573.95427462465,3,6,"0",45,"2","4","5","0","farming","0","0","1",0,0.333333333333333,0.833333333333333
"133",228326,1,0,0,0,0,0,0,2903.023256,580.6046512,NA,NA,NA,NA,NA,NA,NA,NA,NA,NA,NA,NA,NA,NA,NA,NA,NA,NA,0,5,"0",25,"1","4","3","1","nonearning","1","1","1",0.4,0.8,1
"134",228330,2,0,0,0,0,0,0,28.733223256,5.7466446512,0.561951486949016,0,0,0,0,0,0,23.7589728871209,4.75179457742417,0.315789473684211,0,0,0,0,0,0,564.488792650945,22.5795517060378,3,5,"0",44,"2","4","5","0","farming","1","1","1",0.8,0.8,1
"135",229334,3.13793103448276,0.103448275862069,0.103448275862069,0.206896551724138,124.758620689655,138.25260862069,263.011229310345,908.966622731897,227.241655682974,1.67797264694573,0.199825010903312,0.167252842257997,0.234542096440061,419.674358659594,433.581963202528,573.867151731102,612.695750519855,153.173937629964,2.81559220389805,0.0399300349825087,0.0279735132433783,0.0550099950024988,176126.567316342,187993.318814558,329323.507835967,375396.082705088,23462.255169068,1,4,"0",18,"1","4","4","0","nonearning","1","1","1",0.25,1,1
"136",229342,1.61538461538462,0.0769230769230769,0,0.0769230769230769,114.615384615385,0,114.615384615385,1721.69946338462,573.899821128205,0.506369683541833,0.187766904049703,0,0.187766904049703,413.251646187796,0,413.251646187796,1020.58147440001,340.193824800004,0.256410256410256,0.0352564102564103,0,0.0352564102564103,170776.923076923,0,170776.923076923,1041586.5458885,115731.838432056,1,3,"1",42,"2","4","3","0","nonearning","0","1","1",0.666666666666667,1,1
"137",229344,1.88888888888889,0.037037037037037,0,0.037037037037037,42.962962962963,0,42.962962962963,185.072592592593,37.0145185185185,1.55250005161237,0.0791694781327139,0,0.0791694781327139,223.242104086655,0,223.242104086655,486.883997158639,97.3767994317278,2.41025641025641,0.00626780626780627,0,0.00626780626780627,49837.037037037,0,49837.037037037,237056.026689174,9482.24106756695,0,5,"0",26,"1","4","3","0","farming","1","1","1",0.6,0.6,0.8
"138",229345,1.5,0,0.5,0.5,0,219.88552,219.88552,562.38552,70.29819,0.577350269189626,0,0.577350269189626,0.577350269189626,0,257.187929203178,257.187929203178,384.545432072491,48.0681790090614,0.333333333333333,0,0.333333333333333,0.333333333333333,0,66145.6309278189,66145.6309278189,147875.189327819,2310.54983324717,1,8,"0",26,"2","1","2","0","trader","1","1","1",0.25,0.25,0.5
"139",230347,9.2125,0.04375,0.04375,0.0875,28.4375,28.6881889375,57.1256889375,611.2413866125,152.810346653125,5.27529843562482,0.0798266378060869,0.0678071436145722,0.0843676452837802,142.362354905852,159.229415089834,209.712050409333,556.027119656189,139.006779914047,27.8287735849057,0.00637229210342418,0.00459780872516722,0.00711789957072976,20267.0400943396,25354.0066298506,43979.1440868868,309166.157793158,19322.8848620724,1,4,"0",17,"3","1","1","1","wage","0","0","0",0,0,0
"140",230347,9.2125,0.04375,0.04375,0.0875,28.4375,28.6881889375,57.1256889375,611.2413866125,152.810346653125,5.27529843562482,0.0798266378060869,0.0678071436145722,0.0843676452837802,142.362354905852,159.229415089834,209.712050409333,556.027119656189,139.006779914047,27.8287735849057,0.00637229210342418,0.00459780872516722,0.00711789957072976,20267.0400943396,25354.0066298506,43979.1440868868,309166.157793158,19322.8848620724,1,4,"0",25,"1","1","2","1","wage","0","0","0",0,0,0
"141",230348,3.51485148514851,0.306930693069307,0.138613861386139,0.445544554455446,209.720650627723,65.9786711782178,275.699321805941,426.149816855446,71.0249694759076,2.56754303327574,0.356863398443319,0.215856571375394,0.328641066355149,424.472914207597,184.653853026281,431.651918613022,399.020025157901,66.5033375263169,6.59227722772277,0.127351485148515,0.0465940594059406,0.10800495049505,180177.25489589,34097.0454374513,186323.378842303,159216.980477012,4422.69390213923,4,6,"1",16,"1","4","3","0","nonearning","0","1","1",0.166666666666667,0.833333333333333,0.833333333333333
"142",230353,4.87234042553191,0.0212765957446809,0.148936170212766,0.170212765957447,12.3404255319149,81.9282056595745,94.2686311914894,372.831751758723,93.2079379396808,1.64999369269672,0.0823640827150551,0.150246116166472,0.15126880670904,84.6016950687788,231.005917607397,241.775030053076,340.837397414621,85.2093493536551,2.72247918593895,0.00678384212149244,0.0225738954231091,0.022882251883177,7157.44680851064,53363.7339696355,58455.1651571656,116170.131476372,7260.63321727325,2,4,"0",38,"2","4","2","0","farming","1","0","0",0.25,0.25,0
"143",231362,1,0,0,0,0,0,0,3.12,0.78,NA,NA,NA,NA,NA,NA,NA,NA,NA,NA,NA,NA,NA,NA,NA,NA,NA,NA,1,4,"0",16,"1","4","2","1","farming","1","1","1",0.75,0.75,0.5
"144",232372,2.42857142857143,0.142857142857143,0,0.142857142857143,18.5714285714286,0,18.5714285714286,1233.00664457143,411.002214857143,0.534522483824849,0.243975018237133,0,0.243975018237133,49.1353814911995,0,49.1353814911995,1215.39947828225,405.133159427418,0.285714285714286,0.0595238095238095,0,0.0595238095238095,2414.28571428571,0,2414.28571428571,1477195.89180877,164132.876867641,0,3,"0",26,"1","4","3","1","nonearning","1","1","1",1,1,1
"145",233383,4.55725190839695,0.0305343511450382,0.0916030534351145,0.122137404580153,27.4252998900763,37.573202778626,64.9985026687023,590.470258412207,118.094051682441,1.38208485403261,0.0945107209528341,0.125087559859606,0.137630167572493,166.821720669434,144.841633690482,216.175436751015,699.341711025706,139.868342205141,1.91015854374633,0.00893227637502447,0.0156468976316305,0.0189420630260325,27829.4864871106,20979.0988501277,46731.8194544919,489078.828780362,19563.1531512145,1,5,"0",38,"2","4","2","0","self","0","1","1",0.2,0.4,0.8
"146",233386,1.13333333333333,0,0,0,0,0,0,7.2556,1.8139,0.351865775274498,0,0,0,0,0,0,13.7282800962102,3.43207002405254,0.123809523809524,0,0,0,0,0,0,188.4656744,11.77910465,0,4,"0",30,"2","4","2","0","farming","1","1","1",1,1,1
"147",233390,1,0.5,0,0.5,517.5,0,517.5,859.4791666625,214.869791665625,0,0.534522483824849,0,0.534522483824849,601.581249707801,0,601.581249707801,569.366798378059,142.341699594515,0,0.285714285714286,0,0.285714285714286,361900,0,361900,324178.551095281,20261.159443455,2,4,"0",46,"2","4","3","1","trader","1","1","1",0.75,1,1
"148",234397,2.42465753424658,0.0958904109589041,0.0684931506849315,0.164383561643836,76.7260273972603,18.8454593972603,95.5714867945206,307.828336109589,34.203148456621,1.21241045739444,0.230602084025217,0.17443828819276,0.265118699663401,382.466166269572,116.292518592939,396.071052754943,549.751041916374,61.0834491018193,1.46993911719939,0.0531773211567732,0.0304287163876205,0.0702879249112126,146280.368340944,13523.949880689,156872.278830409,302226.208088139,3731.18775417455,4,9,"1",30,"2","4","3","0","nonearning","1","1","1",0.444444444444444,0.555555555555556,0.666666666666667
"149",234398,2.03225806451613,0.0806451612903226,0.0483870967741935,0.129032258064516,127.200460822581,53.8727233870968,181.073184209677,1038.39651504806,346.132171682688,1.52538887205836,0.192628107690383,0.149031777317623,0.226679834957233,474.405935089749,245.051646950415,520.750759841031,589.94556446176,196.648521487253,2.32681121099947,0.0371055878723779,0.0222104706504495,0.0513837475762383,225060.991248379,60050.3096731108,271181.353875011,348035.769028105,38670.6410031228,1,3,"1",45,"3","4","2","0","farming","0","1","1",0,1,1
"150",234400,8.82417582417582,0.021978021978022,0.0659340659340659,0.0879120879120879,19.1208791208791,21.9031927142857,41.0240718351648,390.319786120494,97.5799465301236,7.45295378668888,0.0936528631215233,0.137422046574845,0.157242725508288,135.348507783494,90.0165848340966,159.922733383324,343.635142543073,85.9087856357681,55.5465201465201,0.00877085877085877,0.0188848188848189,0.0247252747252747,18319.2185592186,8102.98554519412,25575.2806527936,118085.111190598,7380.31944941236,0,4,"0",23,"1","4","4","1","farming","1","1","1",0.5,1,1
"151",234402,7.62745098039216,0.0980392156862745,0.183006535947712,0.281045751633987,113.562091503268,169.481388446928,283.043479950196,659.174244655586,131.834848931117,6.317147041919,0.158495129821732,0.192467910327854,0.185254565442789,367.820158252167,434.105537463338,533.847093322084,589.955762827379,117.991152565476,39.906346749226,0.0251207061772077,0.0370438965059708,0.0343192540173964,135291.668816649,188447.617656333,284992.719048438,348047.802093235,13921.9120837294,1,5,"0",30,"2","4","3","0","farming","1","1","1",0.4,0.6,0.4
"152",234406,1.13333333333333,0,0,0,0,0,0,2056.06666666667,2056.06666666667,0.34574590364176,0,0,0,0,0,0,582.718594966336,582.718594966336,0.119540229885057,0,0,0,0,0,0,339560.96091954,339560.96091954,0,1,"0",30,"2","4","2","0","farming","0","1","1",0,1,1
"153",235411,1,0,0,0,0,0,0,1370,456.666666666667,0,0,0,0,0,0,0,1230.36579926459,410.121933088198,0,0,0,0,0,0,0,1513800,168200,1,3,"0",42,"2","4","2","0","wage","1","1","1",0.666666666666667,1,1
"154",235412,4.68421052631579,0.223684210526316,0.0789473684210526,0.302631578947368,234.858706762612,73.4221714776316,308.280878240244,663.942169358664,51.0724745660511,2.42877486985127,0.290751338521649,0.192399438303882,0.292855614642385,601.84021335962,283.471005922895,638.451208394753,633.828427405975,48.7560328773827,5.89894736842105,0.0845363408521303,0.0370175438596491,0.0857644110275689,362211.642416753,80355.8111989378,407619.94550072,401738.475387931,2377.15074194042,5,13,"0",32,"2","4","4","0","trader","1","1","0",0.692307692307692,0.692307692307692,0.0769230769230769
"155",235413,8,0.125,0.25,0.375,29,378.226995,407.226995,728.66137,104.094481428571,0,0,0,0,82.0243866176395,750.426372108138,738.103443583396,731.062211173802,104.437458739115,0,0,0,0,6728,563139.739955382,544796.693429667,534451.956606328,10907.1827878842,1,7,"0",25,"2","4","6","0","trader","1","1","1",1,1,1
"156",235417,5.14814814814815,0.0740740740740741,0,0.0740740740740741,83.9894179851852,0,83.9894179851852,835.473705244533,278.491235081511,1.61015297179883,0.162336922335236,0,0.162336922335236,318.317421828135,0,318.317421828135,767.376832471747,255.792277490582,2.59259259259259,0.0263532763532764,0,0.0263532763532764,101325.981039311,0,101325.981039311,588867.203014371,65429.689223819,1,3,"0",42,"2","4","6","0","livestock","0","0","1",0,0,0.666666666666667
"157",236419,3.35294117647059,0.235294117647059,0.176470588235294,0.411764705882353,283.470588235294,142.616286117647,426.086874352941,574.901825333235,114.980365066647,3.09264058214144,0.334120219674214,0.248659507765416,0.378160927547168,546.463208107486,353.324901478575,584.502282907963,511.268508676945,102.253701735389,9.56442577030812,0.111636321195145,0.061831550802139,0.143005687123334,298622.037815126,124838.486004845,341642.918724621,261395.487964747,10455.8195185899,1,5,"0",24,"1","4","4","0","farming","1","1","1",0.8,0.8,1
"158",236420,4.68807339449541,0.00917431192660551,0.0917431192660551,0.100917431192661,5.32110091743119,53.2522909724771,58.5733918899083,615.442982434174,205.147660811391,1.85441039699666,0.0674142588550514,0.149306074128488,0.158549801058098,55.5539245428268,187.353545915317,193.947468784635,744.963281245538,248.321093748513,3.4388379204893,0.00454468229697587,0.0222923037716616,0.0251380394155623,3086.23853211009,35101.3511670426,37615.6206479669,554970.290404118,61663.3656004575,0,3,"0",55,"2","4","3","0","farming","1","1","1",1,1,1
"159",236427,1.4,0.2,0,0.2,104,0,104,118.25441860512,29.56360465128,0.547722557505166,0.447213595499958,0,0.447213595499958,232.551069659978,0,232.551069659978,225.018931274246,56.2547328185614,0.3,0.2,0,0.2,54080,0,54080,50633.5194318037,3164.59496448773,2,4,"0",13,"1","4","2","1","nonearning","0","1","1",0,0.75,0.75
"160",237433,8.2734375,0.10546875,0.046875,0.15234375,136.935825883594,36.4292291693734,173.365055052967,473.818062864198,59.2272578580247,4.67066749019041,0.105691911384823,0.0737900330287278,0.120038668047264,450.014280422861,220.844338270234,491.191424942662,633.472740363707,79.1840925454634,21.8151348039216,0.0111707801321772,0.00544496897438074,0.0144092818265612,202512.852584505,48772.2217460175,241269.015937202,401287.712783905,6270.12051224851,3,8,"0",24,"1","4","3","1","nonearning","1","1","1",0.375,0.875,1
"161",237437,1.66666666666667,0.333333333333333,0.333333333333333,0.666666666666667,248.333333333333,336.201773333333,584.535106666667,876.201773333333,219.050443333333,0.577350269189626,0.577350269189626,0.288675134594813,0.288675134594813,430.125950546271,582.318553008089,523.099330316369,131.806769088064,32.9516922720159,0.333333333333333,0.333333333333333,0.0833333333333333,0.0833333333333333,185008.333333333,339094.897177434,273632.909377434,17373.0243774341,1085.81402358963,1,4,"0",27,"2","4","2","0","prod","1","1","1",0.5,0.5,1
"162",238447,12.9602649006623,0.0827814569536424,0.0529801324503311,0.135761589403974,112.325922419868,60.5547817549669,172.880704174834,638.693681355712,127.738736271142,8.86771050669739,0.125033713644257,0.108630360897671,0.158690125398334,414.970210185577,291.409831804808,493.427833444702,786.335894126414,157.267178825283,78.6362896305912,0.0156334295476741,0.0118005553087582,0.0251825558989389,172200.275341462,84919.6900725063,243471.026817933,618324.138391587,24732.9655356635,0,5,"0",22,"1","4","4","1","nonearning","1","1","1",0.8,1,1
"163",238451,8.31313131313131,0.136363636363636,0.0101010101010101,0.146464646464646,109.876233765657,4.03171737373737,113.907951139394,1063.57298345395,265.893245863487,4.97128090132998,0.139883619599801,0.0282820957853007,0.139295907014184,330.238403367864,42.9222521078643,331.676416985138,958.153798068394,239.538449517098,24.7136337999282,0.0195674270323419,0.000799876942008922,0.0194033497109042,109057.403058956,1842.31972601106,110009.245584099,918058.700752888,57378.6687970555,2,4,"0",26,"1","4","5","1","farming","1","1","1",1,1,1
"164",239456,5.02597402597403,0.168831168831169,0.051948051948052,0.220779220779221,144.961038961039,56.0112112987013,200.97225025974,355.584940735432,50.7978486764903,2.20629497702194,0.17325769069986,0.111343930908256,0.156984064014545,375.11673416623,280.503415202502,450.491036384115,526.761801887756,75.2516859839651,4.86773752563226,0.0300182273866484,0.0123974709501025,0.0246439963545227,140712.564251538,78682.1659402673,202942.173862434,277477.995928035,5662.81624342929,2,7,"0",30,"1","4","2","0","salaried","1","1","1",0.142857142857143,0.285714285714286,1
"165",239460,5.67484662576687,0.0368098159509202,0.110429447852761,0.147239263803681,47.6546888662577,98.0027240613497,145.657412927607,403.650305565337,80.7300611130675,4.79696848146135,0.0888590611167961,0.144421720548379,0.163543408655565,280.282944620001,299.569647203385,398.625470876061,427.134276359319,85.4268552718638,23.0109066121336,0.00789593274255851,0.0208576333661542,0.026746446514681,78558.5290448586,89741.9735255605,158902.266031162,182443.690040999,7297.74760163997,3,5,"0",50,"2","4","2","0","trader","1","1","1",0.8,1,0.8
"166",239463,4.38235294117647,0.0882352941176471,0.132352941176471,0.220588235294118,70.7584033588235,124.810339117647,195.568742476471,448.853423848529,112.213355962132,2.10917973562127,0.121680816055207,0.267673508969707,0.276012970403741,244.284372934263,370.324547358523,422.952410213976,395.981669175826,98.9954172939566,4.4486391571554,0.014806220995861,0.0716491074041557,0.0761831598310966,59674.8548598863,137140.270376295,178888.741305812,156801.482323274,9800.0926452046,2,4,"0",38,"2","4","2","0","farming","1","1","1",0.5,0.75,0.75
"167",239464,11.5652173913043,0.0217391304347826,0.0434782608695652,0.0652173913043478,29.757763973913,27.9403209782609,57.6980849521739,577.661671908696,115.532334381739,6.72261125977279,0.0708288246974828,0.0760340407080456,0.0942696420302132,219.013052310312,144.221248067146,259.008357168676,665.965102961869,133.193020592374,45.1935021500239,0.00501672240802676,0.00578117534639274,0.00888676540850454,47966.7170822794,20799.7683940454,67085.3290832163,443509.518363013,17740.3807345205,2,5,"0",60,"2","2","2","0","farming","1","1","1",0.8,1,1
"168",239467,1.08333333333333,0,0,0,0,0,0,2193.33333333333,548.333333333333,0.279310193865464,0,0,0,0,0,0,226.173848906274,56.5434622265685,0.0780141843971631,0,0,0,0,0,0,51154.609929078,3197.16312056738,2,4,"0",46,"2","4","3","0","trader","0","0","1",0,0,1
"169",240468,9.81656804733728,0.0769230769230769,0.0591715976331361,0.136094674556213,124.370879119527,51.9194572307692,176.290336350296,1027.5120111274,256.87800278185,8.08191455742368,0.16571796315022,0.126576190047404,0.189247354745476,467.648989951041,274.071994233089,529.924170520856,1083.1330019639,270.783250490975,65.3173429134968,0.0274624433106576,0.0160215318869165,0.0358145612781602,218695.577802228,75115.4580229024,280819.626502218,1173177.09994333,73323.5687464581,0,4,"1",22,"1","4","4","0","nonearning","1","1","1",1,1,1
"170",240471,2.33333333333333,0.133333333333333,0.133333333333333,0.266666666666667,232,104.126947333333,336.126947333333,1237.46028066667,309.365070166667,0.617213399848368,0.228868854108532,0.169030850945703,0.207019667802706,612.246448977627,287.946924151105,637.17593905525,786.429778891976,196.607444722994,0.380952380952381,0.0523809523809524,0.0285714285714286,0.0428571428571429,374845.714285714,82913.4311280823,405993.177310939,618471.797128082,38654.4873205051,2,4,"0",45,"2","4","2","0","farming","1","0","1",0.25,0,1
"171",240475,6,0.0625,0.09375,0.15625,139.6875,97.2689066796875,236.956406679688,914.988031679688,304.996010559896,3.96761080297337,0.109985336266015,0.123957036986905,0.123957036986905,549.664028616426,382.028081856889,648.093281926558,1058.29615276519,352.765384255064,15.741935483871,0.0120967741935484,0.0153653470185728,0.0153653470185728,302130.544354839,145945.455327254,420024.902078337,1119990.74695761,124443.416328623,1,3,"1",30,"2","4","2","0","nonearning","0","0","1",0,0,1
"172",240477,2.07317073170732,0.24390243902439,0,0.24390243902439,289.578397209756,0,289.578397209756,897.339127028049,224.334781757012,0.905269128558989,0.381148777046316,0,0.381148777046316,544.285837971945,0,544.285837971945,624.427648555167,156.106912138792,0.819512195121951,0.145274390243902,0,0.145274390243902,296247.073416822,0,296247.073416822,389909.888280135,24369.3680175085,1,4,"0",26,"1","4","6","0","trader","1","1","1",0.5,0.5,1
"173",240478,3.10526315789474,0.473684210526316,0,0.473684210526316,409.359022521053,0,409.359022521053,1002.28024731053,250.570061827632,1.46655458858805,0.240514700185281,0,0.240514700185281,606.224676642876,0,606.224676642876,766.009685243586,191.502421310896,2.15078236130868,0.0578473210052157,0,0.0578473210052157,367508.35857076,0,367508.35857076,586770.837886977,36673.1773679361,0,4,"0",27,"1","4","5","0","farming","1","1","1",0.25,0.75,1
"174",240479,1.52631578947368,0.157894736842105,0,0.157894736842105,261.578947368421,0,261.578947368421,837.207550125,209.30188753125,0.772328445721233,0.321424703711375,0,0.321424703711375,732.819995768968,0,732.819995768968,717.665438546121,179.41635963653,0.596491228070175,0.103313840155945,0,0.103313840155945,537025.14619883,0,537025.14619883,515043.681683597,32190.2301052248,2,4,"1",33,"2","4","5","0","farming","0","1","1",0.25,0.5,0.75
